{
    "model.hparams.bottleneck": false,
    "model.hparams.compression": 0.35000000000000003,
    "model.hparams.depth": 8.0,
    "model.hparams.dropout": 0.15000000000000002,
    "model.hparams.growth_rate": 10.0,
    "model.hparams.optimizer.params.lr": 0.0007096694600645456,
    "model.hparams.optimizer.params.weight_decay": 0.00019651972327195622
}